MON_ID,MON_NAME,MON_TYPE,MON_ATK,MON_HP,MON_DEF,MON_RANGE,MON_ATK_SPD,MON_SPEED,MON_DROP_GOLD,MON_ACCOUNT_EXP,MON_STAGE_EXP,DROP_ITEM1_ID,DROP_ITEM1_COUNT,DROP_ITEM1_RATE,DROP_ITEM2_ID,DROP_ITEM2_COUNT,DROP_ITEM2_RATE,MON_MODEL
41001,말랑이,1,5,85,5,1,1,1,0.1,1,10,501,1,1,0,0,0,Monster_Slime_0001
41002,딱정벌레,1,5,90,6,1,1,1,0.1,1.1,10,501,1,1,0,0,0,Monster_Beatle_0001
41003,동굴박쥐,1,5,100,7,1,1,1,0.2,1.2,10,501,1,1,0,0,0,Monster_Bat_0001
41004,밤톨거미,1,5,105,8,1,1,1,0.2,1.3,10,501,1,1,0,0,0,Monster_Spider_0001
41005,민둥게,1,5,115,9,1,1,1,0.3,1.4,10,501,1,1,0,0,0,Monster_Crab_0001
41006,홍소라게,1,5,120,10,1,1,1,0.3,1.5,10,501,1,1,0,0,0,Monster_HermitCrab_0001
41007,콩블린,1,5,130,11,1,1,1,0.4,1.6,10,501,1,1,0,0,0,Monster_Goblin_0001
41008,갈색놀,1,5,135,12,1,1,1,0.4,1.7,10,501,1,1,0,0,0,Monster_Gnoll_0001
41009,모래벌레,1,5,140,13,1,1,1,0.5,1.8,10,501,1,1,0,0,0,Monster_Larva_0001
41010,밤버섯,1,5,145,14,1,1,1,0.5,1.9,10,501,1,1,0,0,0,Monster_Mushman_0001
41011,흙오거,1,5,155,15,1,1,1,0.6,2,10,501,2,1,0,0,0,Monster_Ogre_0001
41012,분홍이,1,5,165,16,1,1,1,0.6,2.1,10,501,2,1,0,0,0,Monster_Hog_0001
41013,진흙멍뭉이,1,5,175,17,1,1,1,0.7,2.2,10,501,2,1,0,0,0,Monster_Wolf_0001
41014,회색어인,1,5,185,18,1,1,1,0.7,2.3,10,501,2,1,0,0,0,Monster_Fishman_0001
41015,물렁이,1,5,195,19,1,1,1,0.8,2.4,10,501,2,1,0,0,0,Monster_Slime_0002
41016,돌렘,1,5,205,20,1,1,1,0.8,2.5,10,501,2,1,0,0,0,Monster_Golem_0001
41017,철딱정벌레,1,5,215,21,1,1,1,0.9,2.6,10,501,2,1,0,0,0,Monster_Beatle_0002
41018,사막박쥐,1,5,225,22,1,1,1,0.9,2.7,10,501,2,1,0,0,0,Monster_Bat_0002
41019,초록줄거미,1,5,235,23,1,1,1,1,2.8,10,501,2,1,0,0,0,Monster_Spider_0002
41020,빨간볏블린,1,5,245,24,1,1,1,1,2.9,10,501,2,1,0,0,0,Monster_Goblin_0002
41021,울퉁불퉁게,1,5,255,25,1,1,1,1.1,3,10,501,3,1,0,0,0,Monster_Crab_0002
41022,청소라게,1,5,265,26,1,1,1,1.1,3.1,10,501,3,1,0,0,0,Monster_HermitCrab_0002
41023,회색놀,1,5,275,27,1,1,1,1.2,3.2,10,501,3,1,0,0,0,Monster_Gnoll_0002
41024,풀벌레,1,5,285,28,1,1,1,1.2,3.3,10,501,3,1,0,0,0,Monster_Larva_0002
41025,검정이,1,5,295,29,1,1,1,1.3,3.4,10,501,3,1,0,0,0,Monster_Hog_0002
41026,늪오거,1,5,305,30,1,1,1,1.3,3.5,10,501,3,1,0,0,0,Monster_Ogre_0002
41027,빨간버섯,1,5,315,31,1,1,1,1.4,3.6,10,501,3,1,0,0,0,Monster_Mushman_0002
41028,돌멍뭉이,1,5,325,32,1,1,1,1.4,3.7,10,501,3,1,0,0,0,Monster_Wolf_0002
41029,늪지어인,1,5,335,33,1,1,1,1.5,3.8,10,501,3,1,0,0,0,Monster_Fishman_0002
41030,이끼렘,1,5,345,34,1,1,1,1.5,3.9,10,501,3,1,0,0,0,Monster_Golem_0002
41031,독말랑,1,5,355,35,1,1,1,1.6,4,10,501,4,1,0,0,0,Monster_Slime_0003
41032,뿔뿔이,1,5,365,36,1,1,1,1.6,4.1,10,501,4,1,0,0,0,Monster_Hog_0003
41033,바다어인,1,5,375,37,1,1,1,1.7,4.2,10,501,4,1,0,0,0,Monster_Fishman_0003
41034,모라소라게,1,5,385,38,1,1,1,1.7,4.3,10,501,4,1,0,0,0,Monster_HermitCrab_0003
41035,청딱정벌레,1,5,395,39,1,1,1,1.8,4.4,10,501,4,1,0,0,0,Monster_Beatle_0003
41036,산호게,1,5,405,40,1,1,1,1.8,4.5,10,501,4,1,0,0,0,Monster_Crab_0003
41037,그늘박쥐,1,5,415,41,1,1,1,1.9,4.6,10,501,4,1,0,0,0,Monster_Bat_0003
41038,연두점버섯,1,5,425,42,1,1,1,1.9,4.7,10,501,4,1,0,0,0,Monster_Mushman_0003
41039,후드블린,1,5,435,43,1,1,1,2,4.8,10,501,4,1,0,0,0,Monster_Goblin_0003
41040,검사놀,1,5,445,44,1,1,1,2,4.9,10,501,4,1,0,0,0,Monster_Gnoll_0003
41041,포자벌레,1,5,455,45,1,1,1,2.1,5,10,501,5,1,0,0,0,Monster_Larva_0003
41042,바위발톱거미,1,5,465,46,1,1,1,2.1,5.1,10,501,5,1,0,0,0,Monster_Spider_0003
41043,눈멍뭉이,1,5,475,47,1,1,1,2.2,5.2,10,501,5,1,0,0,0,Monster_Wolf_0003
41044,얼음뿔오거,1,5,485,48,1,1,1,2.2,5.3,10,501,5,1,0,0,0,Monster_Ogre_0003
41045,따끔말랑,1,5,495,49,1,1,1,2.3,5.4,10,501,5,1,0,0,0,Monster_Slime_0004
41046,룬렘,1,5,505,50,1,1,1,2.3,5.5,10,501,5,1,0,0,0,Monster_Golem_0003
41047,적딱정벌레,1,5,515,51,1,1,1,2.4,5.6,10,501,5,1,0,0,0,Monster_Beatle_0004
41048,빨갑벌레,1,5,525,52,1,1,1,2.4,5.7,10,501,5,1,0,0,0,Monster_Larva_0004
41049,심해어인,1,5,535,53,1,1,1,2.5,5.8,10,501,5,1,0,0,0,Monster_Fishman_0004
41050,보라소라게,1,5,545,54,1,1,1,2.5,5.9,10,501,5,1,0,0,0,Monster_HermitCrab_0004
41051,혈박쥐,1,5,555,55,1,1,1,2.6,6,10,501,6,1,0,0,0,Monster_Bat_0004
41052,보라수정게,1,5,565,56,1,1,1,2.6,6.1,10,501,6,1,0,0,0,Monster_Crab_0004
41053,흉터블린,1,5,575,57,1,1,1,2.7,6.2,10,501,6,1,0,0,0,Monster_Goblin_0004
41054,애꾸놀,1,5,585,58,1,1,1,2.7,6.3,10,501,6,1,0,0,0,Monster_Gnoll_0004
41055,황금점버섯,1,5,595,59,1,1,1,2.8,6.4,10,501,6,1,0,0,0,Monster_Mushman_0004
41056,형광점거미,1,5,605,60,1,1,1,2.8,6.5,10,501,6,1,0,0,0,Monster_Spider_0004
41057,뿔뿔뿔이,1,5,615,61,1,1,1,2.9,6.6,10,501,6,1,0,0,0,Monster_Hog_0004
41058,전사오거,1,5,625,62,1,1,1,2.9,6.7,10,501,6,1,0,0,0,Monster_Ogre_0004
41059,늪멍뭉이,1,5,635,63,1,1,1,3,6.8,10,501,6,1,0,0,0,Monster_Wolf_0004
41060,수정룬렘,1,5,645,64,1,1,1,3,6.9,10,501,6,1,0,0,0,Monster_Golem_0004
41061,따끔물렁,1,5,655,65,1,1,1,3.1,7,10,501,7,1,0,0,0,Monster_Slime_0005
41062,뽈뽈뽈이,1,5,665,66,1,1,1,3.1,7.1,10,501,7,1,0,0,0,Monster_Hog_0005
41063,황금딱정벌레,1,5,675,67,1,1,1,3.2,7.2,10,501,7,1,0,0,0,Monster_Beatle_0005
41064,흰뿔버섯,1,5,685,68,1,1,1,3.2,7.3,10,501,7,1,0,0,0,Monster_Mushman_0005
41065,해초소라게,1,5,695,69,1,1,1,3.3,7.4,10,501,7,1,0,0,0,Monster_HermitCrab_0005
41066,어둠심해어인,1,5,705,70,1,1,1,3.3,7.5,10,501,7,1,0,0,0,Monster_Fishman_0005
41067,암흑박쥐,1,5,715,71,1,1,1,3.4,7.6,10,501,7,1,0,0,0,Monster_Bat_0005
41068,철통블린,1,5,725,72,1,1,1,3.4,7.7,10,501,7,1,0,0,0,Monster_Goblin_0005
41069,돌가시벌레,1,5,735,73,1,1,1,3.5,7.8,10,501,7,1,0,0,0,Monster_Larva_0005
41070,발광가시거미,1,5,745,74,1,1,1,3.5,7.9,10,501,7,1,0,0,0,Monster_Spider_0005
41071,베테랑놀,1,5,755,75,1,1,1,3.6,8,10,501,8,1,0,0,0,Monster_Gnoll_0005
41072,광전사오거,1,5,765,76,1,1,1,3.6,8.1,10,501,8,1,0,0,0,Monster_Ogre_0005
41073,찌릿멍뭉이,1,5,775,77,1,1,1,3.7,8.2,10,501,8,1,0,0,0,Monster_Wolf_0005
41074,얼음수정게,1,5,785,78,1,1,1,3.7,8.3,10,501,8,1,0,0,0,Monster_Crab_0005
41075,얼음결정룬렘,1,5,795,79,1,1,1,3.8,8.4,10,501,8,1,0,0,0,Monster_Golem_0005
42001,대왕말랑이,2,10,10000,50,1,1,1,100,0,0,0,0,0,0,0,0,Monster_Slime_0001
42002,대왕딱정벌레,2,10,11000,60,1,1,1,150,0,0,0,0,0,0,0,0,Monster_Beatle_0001
42003,대왕동굴박쥐,2,10,12000,70,1,1,1,200,0,0,0,0,0,0,0,0,Monster_Bat_0001
42004,대왕밤톨거미,2,10,13000,80,1,1,1,250,0,0,0,0,0,0,0,0,Monster_Spider_0001
42005,대왕민둥게,2,10,14000,90,1,1,1,300,0,0,0,0,0,0,0,0,Monster_Crab_0001
42006,대왕홍소라게,2,10,15000,100,1,1,1,350,0,0,0,0,0,0,0,0,Monster_HermitCrab_0001
42007,대왕콩블린,2,10,16000,110,1,1,1,400,0,0,0,0,0,0,0,0,Monster_Goblin_0001
42008,대왕갈색놀,2,10,17000,120,1,1,1,450,0,0,0,0,0,0,0,0,Monster_Gnoll_0001
42009,대왕모래벌레,2,10,18000,130,1,1,1,500,0,0,0,0,0,0,0,0,Monster_Larva_0001
42010,대왕밤버섯,2,10,19000,140,1,1,1,550,0,0,0,0,0,0,0,0,Monster_Mushman_0001
42011,대왕흙오거,2,10,20000,150,1,1,1,600,0,0,0,0,0,0,0,0,Monster_Ogre_0001
42012,대왕분홍이,2,10,21000,160,1,1,1,650,0,0,0,0,0,0,0,0,Monster_Hog_0001
42013,대왕진흙멍뭉이,2,10,22000,170,1,1,1,700,0,0,0,0,0,0,0,0,Monster_Wolf_0001
42014,대왕회색어인,2,10,23000,180,1,1,1,750,0,0,0,0,0,0,0,0,Monster_Fishman_0001
42015,대왕물렁이,2,10,24000,190,1,1,1,800,0,0,0,0,0,0,0,0,Monster_Slime_0002
42016,대왕돌렘,2,10,25000,200,1,1,1,850,0,0,0,0,0,0,0,0,Monster_Golem_0001
42017,대왕철딱정벌레,2,10,26000,210,1,1,1,900,0,0,0,0,0,0,0,0,Monster_Beatle_0002
42018,대왕사막박쥐,2,10,27000,220,1,1,1,950,0,0,0,0,0,0,0,0,Monster_Bat_0002
42019,대왕초록줄거미,2,10,28000,230,1,1,1,1000,0,0,0,0,0,0,0,0,Monster_Spider_0002
42020,대왕빨간볏블린,2,10,29000,240,1,1,1,1050,0,0,0,0,0,0,0,0,Monster_Goblin_0002
42021,대왕울퉁불퉁게,2,10,30000,250,1,1,1,1100,0,0,0,0,0,0,0,0,Monster_Crab_0002
42022,대왕청소라게,2,10,31000,260,1,1,1,1150,0,0,0,0,0,0,0,0,Monster_HermitCrab_0002
42023,대왕회색놀,2,10,32000,270,1,1,1,1200,0,0,0,0,0,0,0,0,Monster_Gnoll_0002
42024,대왕풀벌레,2,10,33000,280,1,1,1,1250,0,0,0,0,0,0,0,0,Monster_Larva_0002
42025,대왕검정이,2,10,34000,290,1,1,1,1300,0,0,0,0,0,0,0,0,Monster_Hog_0002
42026,대왕늪오거,2,10,35000,300,1,1,1,1350,0,0,0,0,0,0,0,0,Monster_Ogre_0002
42027,대왕빨간버섯,2,10,36000,310,1,1,1,1400,0,0,0,0,0,0,0,0,Monster_Mushman_0002
42028,대왕돌멍뭉이,2,10,37000,320,1,1,1,1450,0,0,0,0,0,0,0,0,Monster_Wolf_0002
42029,대왕늪지어인,2,10,38000,330,1,1,1,1500,0,0,0,0,0,0,0,0,Monster_Fishman_0002
42030,대왕이끼렘,2,10,39000,340,1,1,1,1550,0,0,0,0,0,0,0,0,Monster_Golem_0002
42031,대왕독말랑,2,10,40000,350,1,1,1,1600,0,0,0,0,0,0,0,0,Monster_Slime_0003
42032,대왕뿔뿔이,2,10,41000,360,1,1,1,1650,0,0,0,0,0,0,0,0,Monster_Hog_0003
42033,대왕바다어인,2,10,42000,370,1,1,1,1700,0,0,0,0,0,0,0,0,Monster_Fishman_0003
42034,대왕모라소라게,2,10,43000,380,1,1,1,1750,0,0,0,0,0,0,0,0,Monster_HermitCrab_0003
42035,대왕청딱정벌레,2,10,44000,390,1,1,1,1800,0,0,0,0,0,0,0,0,Monster_Beatle_0003
42036,대왕산호게,2,10,45000,400,1,1,1,1850,0,0,0,0,0,0,0,0,Monster_Crab_0003
42037,대왕그늘박쥐,2,10,46000,410,1,1,1,1900,0,0,0,0,0,0,0,0,Monster_Bat_0003
42038,대왕연두점버섯,2,10,47000,420,1,1,1,1950,0,0,0,0,0,0,0,0,Monster_Mushman_0003
42039,대왕후드블린,2,10,48000,430,1,1,1,2000,0,0,0,0,0,0,0,0,Monster_Goblin_0003
42040,대왕검사놀,2,10,49000,440,1,1,1,2050,0,0,0,0,0,0,0,0,Monster_Gnoll_0003
42041,대왕포자벌레,2,10,50000,450,1,1,1,2100,0,0,0,0,0,0,0,0,Monster_Larva_0003
42042,대왕바위발톱거미,2,10,51000,460,1,1,1,2150,0,0,0,0,0,0,0,0,Monster_Spider_0003
42043,대왕눈멍뭉이,2,10,52000,470,1,1,1,2200,0,0,0,0,0,0,0,0,Monster_Wolf_0003
42044,대왕얼음뿔오거,2,10,53000,480,1,1,1,2250,0,0,0,0,0,0,0,0,Monster_Ogre_0003
42045,대왕따끔말랑,2,10,54000,490,1,1,1,2300,0,0,0,0,0,0,0,0,Monster_Slime_0004
42046,대왕룬렘,2,10,55000,500,1,1,1,2350,0,0,0,0,0,0,0,0,Monster_Golem_0003
42047,대왕적딱정벌레,2,10,56000,510,1,1,1,2400,0,0,0,0,0,0,0,0,Monster_Beatle_0004
42048,대왕빨갑벌레,2,10,57000,520,1,1,1,2450,0,0,0,0,0,0,0,0,Monster_Larva_0004
42049,대왕심해어인,2,10,58000,530,1,1,1,2500,0,0,0,0,0,0,0,0,Monster_Fishman_0004
42050,대왕보라소라게,2,10,59000,540,1,1,1,2550,0,0,0,0,0,0,0,0,Monster_HermitCrab_0004
42051,대왕혈박쥐,2,10,60000,550,1,1,1,2600,0,0,0,0,0,0,0,0,Monster_Bat_0004
42052,대왕보라수정게,2,10,61000,560,1,1,1,2650,0,0,0,0,0,0,0,0,Monster_Crab_0004
42053,대왕흉터블린,2,10,62000,570,1,1,1,2700,0,0,0,0,0,0,0,0,Monster_Goblin_0004
42054,대왕애꾸놀,2,10,63000,580,1,1,1,2750,0,0,0,0,0,0,0,0,Monster_Gnoll_0004
42055,대왕황금점버섯,2,10,64000,590,1,1,1,2800,0,0,0,0,0,0,0,0,Monster_Mushman_0004
42056,대왕형광점거미,2,10,65000,600,1,1,1,2850,0,0,0,0,0,0,0,0,Monster_Spider_0004
42057,대왕뿔뿔뿔이,2,10,66000,610,1,1,1,2900,0,0,0,0,0,0,0,0,Monster_Hog_0004
42058,대왕전사오거,2,10,67000,620,1,1,1,2950,0,0,0,0,0,0,0,0,Monster_Ogre_0004
42059,대왕늪멍뭉이,2,10,68000,630,1,1,1,3000,0,0,0,0,0,0,0,0,Monster_Wolf_0004
42060,대왕수정룬렘,2,10,69000,640,1,1,1,3050,0,0,0,0,0,0,0,0,Monster_Golem_0004
42061,대왕따끔물렁,2,10,70000,650,1,1,1,3100,0,0,0,0,0,0,0,0,Monster_Slime_0005
42062,대왕뽈뽈뽈이,2,10,71000,660,1,1,1,3150,0,0,0,0,0,0,0,0,Monster_Hog_0005
42063,대왕황금딱정벌레,2,10,72000,670,1,1,1,3200,0,0,0,0,0,0,0,0,Monster_Beatle_0005
42064,대왕흰뿔버섯,2,10,73000,680,1,1,1,3250,0,0,0,0,0,0,0,0,Monster_Mushman_0005
42065,대왕해초소라게,2,10,74000,690,1,1,1,3300,0,0,0,0,0,0,0,0,Monster_HermitCrab_0005
42066,대왕어둠심해어인,2,10,75000,700,1,1,1,3350,0,0,0,0,0,0,0,0,Monster_Fishman_0005
42067,대왕암흑박쥐,2,10,76000,710,1,1,1,3400,0,0,0,0,0,0,0,0,Monster_Bat_0005
42068,대왕철통블린,2,10,77000,720,1,1,1,3450,0,0,0,0,0,0,0,0,Monster_Goblin_0005
42069,대왕돌가시벌레,2,10,78000,730,1,1,1,3500,0,0,0,0,0,0,0,0,Monster_Larva_0005
42070,대왕발광가시거미,2,10,79000,740,1,1,1,3550,0,0,0,0,0,0,0,0,Monster_Spider_0005
42071,대왕베테랑놀,2,10,80000,750,1,1,1,3600,0,0,0,0,0,0,0,0,Monster_Gnoll_0005
42072,대왕광전사오거,2,10,81000,760,1,1,1,3650,0,0,0,0,0,0,0,0,Monster_Ogre_0005
42073,대왕찌릿멍뭉이,2,10,82000,770,1,1,1,3700,0,0,0,0,0,0,0,0,Monster_Wolf_0005
42074,대왕얼음수정게,2,10,83000,780,1,1,1,3750,0,0,0,0,0,0,0,0,Monster_Crab_0005
42075,대왕얼음결정룬렘,2,10,84000,790,1,1,1,3800,0,0,0,0,0,0,0,0,Monster_Golem_0005
42076,황금고블린Lv.1,2,0,5000,0,1,1,1,0,0,0,0,0,0,0,0,0,폴더 경로
42077,황금고블린Lv.2,2,0,8000,0,1,1,1,0,0,0,0,0,0,0,0,0,폴더 경로
42078,황금고블린Lv.3,2,0,11000,0,1,1,1,0,0,0,0,0,0,0,0,0,폴더 경로
42079,황금고블린Lv.4,2,0,14000,0,1,1,1,0,0,0,0,0,0,0,0,0,폴더 경로
42080,황금고블린Lv.5,2,0,17000,0,1,1,1,0,0,0,0,0,0,0,0,0,폴더 경로
42081,황금고블린Lv.6,2,0,20000,0,1,1,1,0,0,0,0,0,0,0,0,0,폴더 경로
42082,황금고블린Lv.7,2,0,23000,0,1,1,1,0,0,0,0,0,0,0,0,0,폴더 경로
42083,황금고블린Lv.8,2,0,26000,0,1,1,1,0,0,0,0,0,0,0,0,0,폴더 경로
42084,황금고블린Lv.9,2,0,29000,0,1,1,1,0,0,0,0,0,0,0,0,0,폴더 경로
42085,황금고블린Lv.10,2,0,32000,0,1,1,1,0,0,0,0,0,0,0,0,0,폴더 경로
42086,황금고블린Lv.11,2,0,35000,0,1,1,1,0,0,0,0,0,0,0,0,0,폴더 경로
42087,황금고블린Lv.12,2,0,38000,0,1,1,1,0,0,0,0,0,0,0,0,0,폴더 경로
42088,황금고블린Lv.13,2,0,41000,0,1,1,1,0,0,0,0,0,0,0,0,0,폴더 경로
42089,황금고블린Lv.14,2,0,44000,0,1,1,1,0,0,0,0,0,0,0,0,0,폴더 경로
42090,황금고블린Lv.15,2,0,47000,0,1,1,1,0,0,0,0,0,0,0,0,0,폴더 경로
42091,황금고블린Lv.16,2,0,50000,0,1,1,1,0,0,0,0,0,0,0,0,0,폴더 경로
42092,황금고블린Lv.17,2,0,53000,0,1,1,1,0,0,0,0,0,0,0,0,0,폴더 경로
42093,황금고블린Lv.18,2,0,56000,0,1,1,1,0,0,0,0,0,0,0,0,0,폴더 경로
42094,황금고블린Lv.19,2,0,59000,0,1,1,1,0,0,0,0,0,0,0,0,0,폴더 경로
42095,황금고블린Lv.20,2,0,62000,0,1,1,1,0,0,0,0,0,0,0,0,0,폴더 경로